-- Data generate from https://www.generatedata.com
-- 10 orders, 100 lines, 100 attachments, 100 audits

INSERT INTO orders (id,order_nbr) VALUES (1,'order-nbr-1');
INSERT INTO orders (id,order_nbr) VALUES (2,'order-nbr-1');
INSERT INTO orders (id,order_nbr) VALUES (3,'221B8C6F-21D9-A2A9-4FD4-A76A1E200B3F');
INSERT INTO orders (id,order_nbr) VALUES (4,'6E62F8A1-9AA8-E5ED-C19E-03772B0E069B');
INSERT INTO orders (id,order_nbr) VALUES (5,'5407C0AA-DB7D-9D6F-B074-1B38E432436B');
INSERT INTO orders (id,order_nbr) VALUES (6,'A7B63364-6691-0D00-59F3-D2DBFAA4637F');
INSERT INTO orders (id,order_nbr) VALUES (7,'DE72263B-0DBD-7958-495A-37716FB43D40');
INSERT INTO orders (id,order_nbr) VALUES (8,'07848854-C841-38BA-2E28-0419FF00DE18');
INSERT INTO orders (id,order_nbr) VALUES (9,'6745F28C-32FC-34D4-F4BD-8646DE8B0153');
INSERT INTO orders (id,order_nbr) VALUES (10,'ED511B8B-7E2F-E312-6E98-38B53007CE40');

INSERT INTO line (id,line_nbr,order_id) VALUES (1,'1477482A-1C7E-3839-D24F-B4C58D174506',10);
INSERT INTO line (id,line_nbr,order_id) VALUES (2,'3C86F0BB-8FBF-D7F3-660D-504C8C670C5C',5);
INSERT INTO line (id,line_nbr,order_id) VALUES (3,'3007CF8F-2E89-7C98-CB3F-1E5FED112D78',5);
INSERT INTO line (id,line_nbr,order_id) VALUES (4,'DE56E315-BB4B-FEAC-DE83-62FED9BA7954',3);
INSERT INTO line (id,line_nbr,order_id) VALUES (5,'3FBAB0CE-D639-D114-9E76-36F686EA36E6',10);
INSERT INTO line (id,line_nbr,order_id) VALUES (6,'3965282A-E642-EAD7-4D82-19573C61700E',7);
INSERT INTO line (id,line_nbr,order_id) VALUES (7,'78EA854F-7873-A074-0285-2FB4BD2A2EB5',5);
INSERT INTO line (id,line_nbr,order_id) VALUES (8,'CC6B52CA-7CF5-4EB3-B3E2-D7C7E6060ABB',6);
INSERT INTO line (id,line_nbr,order_id) VALUES (9,'96E02326-D5C5-7E09-67BF-0B7D06CB8374',5);
INSERT INTO line (id,line_nbr,order_id) VALUES (10,'8623E9E3-7AE2-D899-FFF9-0BFAD496A8EC',5);
INSERT INTO line (id,line_nbr,order_id) VALUES (11,'2F72B474-0F36-33FD-387B-4E223EF58D76',10);
INSERT INTO line (id,line_nbr,order_id) VALUES (12,'CB2D040A-6AFA-3137-49E5-E9D289725F11',5);
INSERT INTO line (id,line_nbr,order_id) VALUES (13,'9849F2A3-9380-EC9E-0744-34FE02775305',2);
INSERT INTO line (id,line_nbr,order_id) VALUES (14,'48345A2F-D5CF-9B39-4DD1-1F91B8D2AE15',5);
INSERT INTO line (id,line_nbr,order_id) VALUES (15,'9C8E5477-19B3-5768-8AAA-CF89A5EDB067',4);
INSERT INTO line (id,line_nbr,order_id) VALUES (16,'5F328631-A65B-4C48-A133-9FDAA3569346',3);
INSERT INTO line (id,line_nbr,order_id) VALUES (17,'1D3A3A7A-A913-6BFC-8134-4400E1699B13',7);
INSERT INTO line (id,line_nbr,order_id) VALUES (18,'1D8A3B51-E494-B9CD-C0B7-1E53B9CF8572',3);
INSERT INTO line (id,line_nbr,order_id) VALUES (19,'A3AC6496-E193-F356-82E1-6C8488A3F681',2);
INSERT INTO line (id,line_nbr,order_id) VALUES (20,'95F54248-F15B-C5BA-786B-83A3AD1B72E6',4);
INSERT INTO line (id,line_nbr,order_id) VALUES (21,'D3841746-F469-0D75-C8B1-EF998B136239',1);
INSERT INTO line (id,line_nbr,order_id) VALUES (22,'A9737050-DA60-B877-988C-D0471F9A3B2B',8);
INSERT INTO line (id,line_nbr,order_id) VALUES (23,'F73190DA-C1E0-2BB7-0DE6-27F587814BEF',5);
INSERT INTO line (id,line_nbr,order_id) VALUES (24,'BBC1F34E-E95C-5E27-15DB-AFB3F460FA1F',1);
INSERT INTO line (id,line_nbr,order_id) VALUES (25,'401555C6-C899-A7C3-0FAF-AD40941F28E8',1);
INSERT INTO line (id,line_nbr,order_id) VALUES (26,'B41A7EC9-EE05-82F8-CA17-CEF117FC3242',7);
INSERT INTO line (id,line_nbr,order_id) VALUES (27,'12D560D1-B2C9-D945-29E6-9B489A77DE8C',4);
INSERT INTO line (id,line_nbr,order_id) VALUES (28,'B3C38065-8AB6-847F-3F20-66FCC7039CC2',9);
INSERT INTO line (id,line_nbr,order_id) VALUES (29,'D76B5D1C-A036-BD71-61DB-FD9E2E1ACC76',10);
INSERT INTO line (id,line_nbr,order_id) VALUES (30,'0E1E6E41-0853-6A2B-A7E5-617B39B71E44',9);
INSERT INTO line (id,line_nbr,order_id) VALUES (31,'EE7074CA-0329-D2A4-BA75-23F2546A1957',1);
INSERT INTO line (id,line_nbr,order_id) VALUES (32,'A942B94C-A51E-5F7E-7A5E-F0E6C8A15E5E',8);
INSERT INTO line (id,line_nbr,order_id) VALUES (33,'387A7090-BC86-877A-3ACE-DBA20E9C30D5',1);
INSERT INTO line (id,line_nbr,order_id) VALUES (34,'D4E8E961-E036-1A4B-46D9-075F7CD03556',2);
INSERT INTO line (id,line_nbr,order_id) VALUES (35,'EA974FA8-1C07-392B-EED4-88BCB60940E2',7);
INSERT INTO line (id,line_nbr,order_id) VALUES (36,'88BB4CD5-6802-7BCF-F506-49B68EB6BEB0',3);
INSERT INTO line (id,line_nbr,order_id) VALUES (37,'01B03C26-264D-03C1-D583-CFFCDC028349',3);
INSERT INTO line (id,line_nbr,order_id) VALUES (38,'12742205-8CE9-36BF-0B16-E34683BFA48A',4);
INSERT INTO line (id,line_nbr,order_id) VALUES (39,'BEB8AC5C-CB63-8989-0200-DF2A022B2A1A',2);
INSERT INTO line (id,line_nbr,order_id) VALUES (40,'A2FAF8C3-EBA4-443E-1FFB-02045861C306',7);
INSERT INTO line (id,line_nbr,order_id) VALUES (41,'8206420D-18E2-08E5-FD14-F5D92A9ECD2A',10);
INSERT INTO line (id,line_nbr,order_id) VALUES (42,'C185FF26-A3CF-19B1-3C2B-8C1EB5BA2391',5);
INSERT INTO line (id,line_nbr,order_id) VALUES (43,'2B3315D7-3A10-FEBB-7778-1A9ECC190642',5);
INSERT INTO line (id,line_nbr,order_id) VALUES (44,'9D505CEB-2A5D-41F0-2FE4-7D70E52586CB',2);
INSERT INTO line (id,line_nbr,order_id) VALUES (45,'103D68F0-0CEC-6E99-8A33-A2D6F4D468F2',4);
INSERT INTO line (id,line_nbr,order_id) VALUES (46,'AD109AA1-E396-54B5-8702-6AE0B0657D70',7);
INSERT INTO line (id,line_nbr,order_id) VALUES (47,'DDD740EA-2670-EA5E-698C-466114A0769F',7);
INSERT INTO line (id,line_nbr,order_id) VALUES (48,'F5606E05-EA16-1AE2-F304-B8154E25A086',4);
INSERT INTO line (id,line_nbr,order_id) VALUES (49,'BB09DBE5-BB25-9051-0CD9-1D9672A807EF',5);
INSERT INTO line (id,line_nbr,order_id) VALUES (50,'B18F6042-2A29-FEEA-E80A-11FDE3421972',5);
INSERT INTO line (id,line_nbr,order_id) VALUES (51,'157D7594-2723-B101-44C1-F9AE5CBC8590',7);
INSERT INTO line (id,line_nbr,order_id) VALUES (52,'5480BF01-5054-AAA1-31E5-923481B4394B',5);
INSERT INTO line (id,line_nbr,order_id) VALUES (53,'6EF4F1E3-3044-6A63-4D4A-9A21E066B13B',2);
INSERT INTO line (id,line_nbr,order_id) VALUES (54,'032E4876-B254-C2DC-FD7F-0C45678CA22E',10);
INSERT INTO line (id,line_nbr,order_id) VALUES (55,'441170CE-6CEB-FDE8-025C-F60E3DCD2D51',5);
INSERT INTO line (id,line_nbr,order_id) VALUES (56,'248EBEAF-AAFA-4135-4FC3-BD511A153653',4);
INSERT INTO line (id,line_nbr,order_id) VALUES (57,'4AB0A2FC-8606-E390-FCC6-D298E21CCD49',2);
INSERT INTO line (id,line_nbr,order_id) VALUES (58,'46932275-16B9-06CB-9273-E9F809962B67',10);
INSERT INTO line (id,line_nbr,order_id) VALUES (59,'31ACCB41-61C5-4A80-4A23-EB1935C6658E',4);
INSERT INTO line (id,line_nbr,order_id) VALUES (60,'B8CF177A-8B7D-D7C6-A08B-1E531200D3E8',4);
INSERT INTO line (id,line_nbr,order_id) VALUES (61,'5C17D2EB-B73A-808C-68B3-67A3F407430A',7);
INSERT INTO line (id,line_nbr,order_id) VALUES (62,'8F260D75-5E9E-1D2B-87A7-977BC2A6E8DC',7);
INSERT INTO line (id,line_nbr,order_id) VALUES (63,'B84C6F53-F5F9-C491-291D-A02F8EF8E6DF',6);
INSERT INTO line (id,line_nbr,order_id) VALUES (64,'0A26DC2C-12A4-E560-821C-49049846CEC7',2);
INSERT INTO line (id,line_nbr,order_id) VALUES (65,'C049B421-0EF1-57DC-BC43-1BF8C4BA0F67',10);
INSERT INTO line (id,line_nbr,order_id) VALUES (66,'82AD2ED7-ECF8-C094-F6CC-436D64499CA1',5);
INSERT INTO line (id,line_nbr,order_id) VALUES (67,'51ADAC41-4F6E-0760-33AB-BA821663F3EF',1);
INSERT INTO line (id,line_nbr,order_id) VALUES (68,'63F95F82-FD73-F461-8BC3-A8D8F4B12E23',7);
INSERT INTO line (id,line_nbr,order_id) VALUES (69,'784F5A58-AB0A-F86D-9959-3A929669D893',3);
INSERT INTO line (id,line_nbr,order_id) VALUES (70,'6CF7D215-808A-C7C8-2C6E-C5F9000882C3',4);
INSERT INTO line (id,line_nbr,order_id) VALUES (71,'3D9087C6-C1DE-9DD5-779B-C3B785EF8FD9',9);
INSERT INTO line (id,line_nbr,order_id) VALUES (72,'13F83932-3BFB-628B-D72D-3B3F250F1BEF',7);
INSERT INTO line (id,line_nbr,order_id) VALUES (73,'665765BB-616C-E2BF-6FC5-A19BF975ECF0',4);
INSERT INTO line (id,line_nbr,order_id) VALUES (74,'5B339440-5261-4471-069D-088720BC44CD',1);
INSERT INTO line (id,line_nbr,order_id) VALUES (75,'EFC3F563-D612-C935-8051-6DC084996157',5);
INSERT INTO line (id,line_nbr,order_id) VALUES (76,'D6CAC240-8CA8-2854-458E-D974E19318D6',8);
INSERT INTO line (id,line_nbr,order_id) VALUES (77,'B961D686-A8C7-3CAD-6189-707E4A4FFFA0',8);
INSERT INTO line (id,line_nbr,order_id) VALUES (78,'3AB602BE-38BB-D0A8-AF0A-7BD436A89BF4',8);
INSERT INTO line (id,line_nbr,order_id) VALUES (79,'412A348D-466E-81C7-9FCA-07A17FD8A190',1);
INSERT INTO line (id,line_nbr,order_id) VALUES (80,'EE4F4F61-9A88-896D-11C3-3C430BD8B83D',5);
INSERT INTO line (id,line_nbr,order_id) VALUES (81,'950937F6-45C2-5A82-2BDC-ADAD01A17034',1);
INSERT INTO line (id,line_nbr,order_id) VALUES (82,'63DFA2FA-4DD8-9DDD-E16F-D3E2842E7163',2);
INSERT INTO line (id,line_nbr,order_id) VALUES (83,'4144628D-1E5A-194F-7E18-BFCFBF5C7854',1);
INSERT INTO line (id,line_nbr,order_id) VALUES (84,'07B231D3-5174-9036-7242-7166738148E1',8);
INSERT INTO line (id,line_nbr,order_id) VALUES (85,'26E5E58E-26DA-0810-5268-CF45FBA1D155',3);
INSERT INTO line (id,line_nbr,order_id) VALUES (86,'2C0B66B7-BAC8-56BD-4A54-825552FB6916',8);
INSERT INTO line (id,line_nbr,order_id) VALUES (87,'90875F03-2C3E-6865-6FF9-38325C6DC5F0',10);
INSERT INTO line (id,line_nbr,order_id) VALUES (88,'3C811464-0EF5-B098-0E44-589A42428D02',2);
INSERT INTO line (id,line_nbr,order_id) VALUES (89,'4FCD93FB-5C91-EF84-DB36-F7DF654B134B',5);
INSERT INTO line (id,line_nbr,order_id) VALUES (90,'1123ED94-870E-6D5A-1E88-7FDF0FDC9731',8);
INSERT INTO line (id,line_nbr,order_id) VALUES (91,'89DA71ED-4E4E-A2EA-F97C-5069C656CD1A',4);
INSERT INTO line (id,line_nbr,order_id) VALUES (92,'3AF47F28-7C1D-04AE-27E4-1B8456BE8D3E',6);
INSERT INTO line (id,line_nbr,order_id) VALUES (93,'00B01FC3-C309-092B-C000-7DB482CFAE54',8);
INSERT INTO line (id,line_nbr,order_id) VALUES (94,'447AE430-09F8-118B-3AA5-E07C2A027211',5);
INSERT INTO line (id,line_nbr,order_id) VALUES (95,'A3AFF8E5-4170-7584-E955-13E36098C2FD',10);
INSERT INTO line (id,line_nbr,order_id) VALUES (96,'5C3A5941-5487-C7A5-BFFD-E0D725DA941C',2);
INSERT INTO line (id,line_nbr,order_id) VALUES (97,'AE4A9092-DEA5-FD34-1422-935DD41A2533',7);
INSERT INTO line (id,line_nbr,order_id) VALUES (98,'4ED2FC94-256B-3F69-EE76-2FF45EE00F36',8);
INSERT INTO line (id,line_nbr,order_id) VALUES (99,'CE319964-085D-119F-600C-FBD3D0E80656',10);
INSERT INTO line (id,line_nbr,order_id) VALUES (100,'E6A5F966-B7A3-C08D-B851-581028214FEF',4);

INSERT INTO attachment (id,location,order_id) VALUES (1,'Shaftesbury',2);
INSERT INTO attachment (id,location,order_id) VALUES (2,'Saint-Rhémy-en-Bosses',7);
INSERT INTO attachment (id,location,order_id) VALUES (3,'Frederick',4);
INSERT INTO attachment (id,location,order_id) VALUES (4,'Groenlo',3);
INSERT INTO attachment (id,location,order_id) VALUES (5,'Chekhov',8);
INSERT INTO attachment (id,location,order_id) VALUES (6,'San Maurizio Canavese',8);
INSERT INTO attachment (id,location,order_id) VALUES (7,'Guadalajara',8);
INSERT INTO attachment (id,location,order_id) VALUES (8,'San Jose',1);
INSERT INTO attachment (id,location,order_id) VALUES (9,'Camaragibe',5);
INSERT INTO attachment (id,location,order_id) VALUES (10,'Ahmedabad',8);
INSERT INTO attachment (id,location,order_id) VALUES (11,'Ohain',8);
INSERT INTO attachment (id,location,order_id) VALUES (12,'Drachten',4);
INSERT INTO attachment (id,location,order_id) VALUES (13,'Calvera',7);
INSERT INTO attachment (id,location,order_id) VALUES (14,'Ludhiana',4);
INSERT INTO attachment (id,location,order_id) VALUES (15,'Haarlem',7);
INSERT INTO attachment (id,location,order_id) VALUES (16,'Gilly',7);
INSERT INTO attachment (id,location,order_id) VALUES (17,'Calama',9);
INSERT INTO attachment (id,location,order_id) VALUES (18,'Worcester',4);
INSERT INTO attachment (id,location,order_id) VALUES (19,'Penna in Teverina',1);
INSERT INTO attachment (id,location,order_id) VALUES (20,'Gagliano del Capo',5);
INSERT INTO attachment (id,location,order_id) VALUES (21,'Salon-de-Provence',9);
INSERT INTO attachment (id,location,order_id) VALUES (22,'Rycroft',4);
INSERT INTO attachment (id,location,order_id) VALUES (23,'Bucheon',5);
INSERT INTO attachment (id,location,order_id) VALUES (24,'Polino',5);
INSERT INTO attachment (id,location,order_id) VALUES (25,'Frascati',4);
INSERT INTO attachment (id,location,order_id) VALUES (26,'Pembroke',4);
INSERT INTO attachment (id,location,order_id) VALUES (27,'West Vancouver',10);
INSERT INTO attachment (id,location,order_id) VALUES (28,'Etalle',4);
INSERT INTO attachment (id,location,order_id) VALUES (29,'HŽvillers',1);
INSERT INTO attachment (id,location,order_id) VALUES (30,'Ramara',8);
INSERT INTO attachment (id,location,order_id) VALUES (31,'Westmount',6);
INSERT INTO attachment (id,location,order_id) VALUES (32,'Potenza',5);
INSERT INTO attachment (id,location,order_id) VALUES (33,'Essen',5);
INSERT INTO attachment (id,location,order_id) VALUES (34,'Kearney',3);
INSERT INTO attachment (id,location,order_id) VALUES (35,'Bryansk',1);
INSERT INTO attachment (id,location,order_id) VALUES (36,'Recife',3);
INSERT INTO attachment (id,location,order_id) VALUES (37,'Carunchio',10);
INSERT INTO attachment (id,location,order_id) VALUES (38,'Futrono',4);
INSERT INTO attachment (id,location,order_id) VALUES (39,'Acireale',10);
INSERT INTO attachment (id,location,order_id) VALUES (40,'Dordrecht',7);
INSERT INTO attachment (id,location,order_id) VALUES (41,'Silverton',1);
INSERT INTO attachment (id,location,order_id) VALUES (42,'Folkestone',9);
INSERT INTO attachment (id,location,order_id) VALUES (43,'Sint-Martens-Lennik',3);
INSERT INTO attachment (id,location,order_id) VALUES (44,'Piła',10);
INSERT INTO attachment (id,location,order_id) VALUES (45,'Hornsea',5);
INSERT INTO attachment (id,location,order_id) VALUES (46,'Tongrinne',7);
INSERT INTO attachment (id,location,order_id) VALUES (47,'Mapiripana',10);
INSERT INTO attachment (id,location,order_id) VALUES (48,'Ross-on-Wye',5);
INSERT INTO attachment (id,location,order_id) VALUES (49,'Onega',9);
INSERT INTO attachment (id,location,order_id) VALUES (50,'Casoli',10);
INSERT INTO attachment (id,location,order_id) VALUES (51,'Linkebeek',10);
INSERT INTO attachment (id,location,order_id) VALUES (52,'Ananindeua',10);
INSERT INTO attachment (id,location,order_id) VALUES (53,'Corbais',4);
INSERT INTO attachment (id,location,order_id) VALUES (54,'Warszawa',7);
INSERT INTO attachment (id,location,order_id) VALUES (55,'Sierra Gorda',10);
INSERT INTO attachment (id,location,order_id) VALUES (56,'Tampico',6);
INSERT INTO attachment (id,location,order_id) VALUES (57,'Kirkintilloch',3);
INSERT INTO attachment (id,location,order_id) VALUES (58,'Vorselaar',9);
INSERT INTO attachment (id,location,order_id) VALUES (59,'Fosses-la-Ville',6);
INSERT INTO attachment (id,location,order_id) VALUES (60,'Paradise',6);
INSERT INTO attachment (id,location,order_id) VALUES (61,'Calarcá',6);
INSERT INTO attachment (id,location,order_id) VALUES (62,'Fatehpur',5);
INSERT INTO attachment (id,location,order_id) VALUES (63,'Warminster',8);
INSERT INTO attachment (id,location,order_id) VALUES (64,'Sevastopol',2);
INSERT INTO attachment (id,location,order_id) VALUES (65,'Ludvika',5);
INSERT INTO attachment (id,location,order_id) VALUES (66,'Annone di Brianza',2);
INSERT INTO attachment (id,location,order_id) VALUES (67,'Sadiqabad',8);
INSERT INTO attachment (id,location,order_id) VALUES (68,'Porto Alegre',9);
INSERT INTO attachment (id,location,order_id) VALUES (69,'Wörgl',3);
INSERT INTO attachment (id,location,order_id) VALUES (70,'Pitt Meadows',6);
INSERT INTO attachment (id,location,order_id) VALUES (71,'Tolyatti',8);
INSERT INTO attachment (id,location,order_id) VALUES (72,'Quilpué',10);
INSERT INTO attachment (id,location,order_id) VALUES (73,'Sint-Andries',1);
INSERT INTO attachment (id,location,order_id) VALUES (74,'Baddeck',10);
INSERT INTO attachment (id,location,order_id) VALUES (75,'Ragnies',10);
INSERT INTO attachment (id,location,order_id) VALUES (76,'Nellore',1);
INSERT INTO attachment (id,location,order_id) VALUES (77,'Lummen',2);
INSERT INTO attachment (id,location,order_id) VALUES (78,'Thorold',10);
INSERT INTO attachment (id,location,order_id) VALUES (79,'Wiener Neustadt',1);
INSERT INTO attachment (id,location,order_id) VALUES (80,'Svobodny',4);
INSERT INTO attachment (id,location,order_id) VALUES (81,'Kitchener',4);
INSERT INTO attachment (id,location,order_id) VALUES (82,'Sant''Egidio alla Vibrata',9);
INSERT INTO attachment (id,location,order_id) VALUES (83,'Angoulême',4);
INSERT INTO attachment (id,location,order_id) VALUES (84,'Jamshoro',6);
INSERT INTO attachment (id,location,order_id) VALUES (85,'Tonk',9);
INSERT INTO attachment (id,location,order_id) VALUES (86,'Detroit',1);
INSERT INTO attachment (id,location,order_id) VALUES (87,'Jolanda di Savoia',4);
INSERT INTO attachment (id,location,order_id) VALUES (88,'Te Awamutu',2);
INSERT INTO attachment (id,location,order_id) VALUES (89,'Kamyzyak',5);
INSERT INTO attachment (id,location,order_id) VALUES (90,'Orlando',2);
INSERT INTO attachment (id,location,order_id) VALUES (91,'Nantes',1);
INSERT INTO attachment (id,location,order_id) VALUES (92,'Zlatoust',7);
INSERT INTO attachment (id,location,order_id) VALUES (93,'Indore',7);
INSERT INTO attachment (id,location,order_id) VALUES (94,'Cannes',3);
INSERT INTO attachment (id,location,order_id) VALUES (95,'Puno',9);
INSERT INTO attachment (id,location,order_id) VALUES (96,'Barmouth',2);
INSERT INTO attachment (id,location,order_id) VALUES (97,'Bhind',5);
INSERT INTO attachment (id,location,order_id) VALUES (98,'Wilmington',1);
INSERT INTO attachment (id,location,order_id) VALUES (99,'Cirencester',9);
INSERT INTO attachment (id,location,order_id) VALUES (100,'Heppenheim',2);

INSERT INTO audit (id,action,order_id) VALUES (1,'Duis sit amet',10);
INSERT INTO audit (id,action,order_id) VALUES (2,'ipsum ac mi',10);
INSERT INTO audit (id,action,order_id) VALUES (3,'tellus lorem eu',4);
INSERT INTO audit (id,action,order_id) VALUES (4,'non quam. Pellentesque',6);
INSERT INTO audit (id,action,order_id) VALUES (5,'arcu. Vestibulum ante',9);
INSERT INTO audit (id,action,order_id) VALUES (6,'ipsum porta elit,',9);
INSERT INTO audit (id,action,order_id) VALUES (7,'Mauris nulla. Integer',9);
INSERT INTO audit (id,action,order_id) VALUES (8,'arcu. Vestibulum ut',1);
INSERT INTO audit (id,action,order_id) VALUES (9,'lectus convallis est,',10);
INSERT INTO audit (id,action,order_id) VALUES (10,'est ac mattis',2);
INSERT INTO audit (id,action,order_id) VALUES (11,'ligula consectetuer rhoncus.',10);
INSERT INTO audit (id,action,order_id) VALUES (12,'erat. Etiam vestibulum',10);
INSERT INTO audit (id,action,order_id) VALUES (13,'Mauris vel turpis.',2);
INSERT INTO audit (id,action,order_id) VALUES (14,'mus. Proin vel',6);
INSERT INTO audit (id,action,order_id) VALUES (15,'id, libero. Donec',7);
INSERT INTO audit (id,action,order_id) VALUES (16,'faucibus id, libero.',2);
INSERT INTO audit (id,action,order_id) VALUES (17,'vel, faucibus id,',9);
INSERT INTO audit (id,action,order_id) VALUES (18,'dictum augue malesuada',6);
INSERT INTO audit (id,action,order_id) VALUES (19,'et netus et',5);
INSERT INTO audit (id,action,order_id) VALUES (20,'lectus. Nullam suscipit,',3);
INSERT INTO audit (id,action,order_id) VALUES (21,'et, eros. Proin',5);
INSERT INTO audit (id,action,order_id) VALUES (22,'sociis natoque penatibus',8);
INSERT INTO audit (id,action,order_id) VALUES (23,'nibh. Phasellus nulla.',2);
INSERT INTO audit (id,action,order_id) VALUES (24,'blandit. Nam nulla',8);
INSERT INTO audit (id,action,order_id) VALUES (25,'et, euismod et,',10);
INSERT INTO audit (id,action,order_id) VALUES (26,'ornare, libero at',8);
INSERT INTO audit (id,action,order_id) VALUES (27,'mi pede, nonummy',5);
INSERT INTO audit (id,action,order_id) VALUES (28,'semper auctor. Mauris',5);
INSERT INTO audit (id,action,order_id) VALUES (29,'nonummy ac, feugiat',1);
INSERT INTO audit (id,action,order_id) VALUES (30,'ultrices. Vivamus rhoncus.',9);
INSERT INTO audit (id,action,order_id) VALUES (31,'nec quam. Curabitur',10);
INSERT INTO audit (id,action,order_id) VALUES (32,'nascetur ridiculus mus.',2);
INSERT INTO audit (id,action,order_id) VALUES (33,'Etiam vestibulum massa',4);
INSERT INTO audit (id,action,order_id) VALUES (34,'Nunc sollicitudin commodo',6);
INSERT INTO audit (id,action,order_id) VALUES (35,'gravida. Praesent eu',5);
INSERT INTO audit (id,action,order_id) VALUES (36,'at, velit. Cras',6);
INSERT INTO audit (id,action,order_id) VALUES (37,'non massa non',8);
INSERT INTO audit (id,action,order_id) VALUES (38,'eu tellus eu',6);
INSERT INTO audit (id,action,order_id) VALUES (39,'et, magna. Praesent',4);
INSERT INTO audit (id,action,order_id) VALUES (40,'netus et malesuada',9);
INSERT INTO audit (id,action,order_id) VALUES (41,'aliquam eros turpis',8);
INSERT INTO audit (id,action,order_id) VALUES (42,'hendrerit consectetuer, cursus',5);
INSERT INTO audit (id,action,order_id) VALUES (43,'amet metus. Aliquam',5);
INSERT INTO audit (id,action,order_id) VALUES (44,'magna. Ut tincidunt',3);
INSERT INTO audit (id,action,order_id) VALUES (45,'purus, in molestie',8);
INSERT INTO audit (id,action,order_id) VALUES (46,'non lorem vitae',9);
INSERT INTO audit (id,action,order_id) VALUES (47,'mattis velit justo',2);
INSERT INTO audit (id,action,order_id) VALUES (48,'consequat auctor, nunc',3);
INSERT INTO audit (id,action,order_id) VALUES (49,'justo sit amet',3);
INSERT INTO audit (id,action,order_id) VALUES (50,'consectetuer, cursus et,',2);
INSERT INTO audit (id,action,order_id) VALUES (51,'Suspendisse sagittis. Nullam',10);
INSERT INTO audit (id,action,order_id) VALUES (52,'enim nec tempus',4);
INSERT INTO audit (id,action,order_id) VALUES (53,'Duis a mi',3);
INSERT INTO audit (id,action,order_id) VALUES (54,'Mauris vestibulum, neque',1);
INSERT INTO audit (id,action,order_id) VALUES (55,'vel, mauris. Integer',3);
INSERT INTO audit (id,action,order_id) VALUES (56,'orci, adipiscing non,',5);
INSERT INTO audit (id,action,order_id) VALUES (57,'nibh. Quisque nonummy',3);
INSERT INTO audit (id,action,order_id) VALUES (58,'senectus et netus',8);
INSERT INTO audit (id,action,order_id) VALUES (59,'diam luctus lobortis.',8);
INSERT INTO audit (id,action,order_id) VALUES (60,'magna sed dui.',1);
INSERT INTO audit (id,action,order_id) VALUES (61,'penatibus et magnis',8);
INSERT INTO audit (id,action,order_id) VALUES (62,'Cras convallis convallis',7);
INSERT INTO audit (id,action,order_id) VALUES (63,'Cum sociis natoque',4);
INSERT INTO audit (id,action,order_id) VALUES (64,'accumsan convallis, ante',7);
INSERT INTO audit (id,action,order_id) VALUES (65,'enim nisl elementum',10);
INSERT INTO audit (id,action,order_id) VALUES (66,'aliquet, sem ut',5);
INSERT INTO audit (id,action,order_id) VALUES (67,'non lorem vitae',5);
INSERT INTO audit (id,action,order_id) VALUES (68,'id sapien. Cras',1);
INSERT INTO audit (id,action,order_id) VALUES (69,'egestas, urna justo',5);
INSERT INTO audit (id,action,order_id) VALUES (70,'nec mauris blandit',1);
INSERT INTO audit (id,action,order_id) VALUES (71,'montes, nascetur ridiculus',7);
INSERT INTO audit (id,action,order_id) VALUES (72,'scelerisque sed, sapien.',9);
INSERT INTO audit (id,action,order_id) VALUES (73,'nonummy. Fusce fermentum',4);
INSERT INTO audit (id,action,order_id) VALUES (74,'at auctor ullamcorper,',3);
INSERT INTO audit (id,action,order_id) VALUES (75,'fermentum fermentum arcu.',7);
INSERT INTO audit (id,action,order_id) VALUES (76,'sit amet metus.',5);
INSERT INTO audit (id,action,order_id) VALUES (77,'quis urna. Nunc',6);
INSERT INTO audit (id,action,order_id) VALUES (78,'Pellentesque tincidunt tempus',2);
INSERT INTO audit (id,action,order_id) VALUES (79,'tellus faucibus leo,',9);
INSERT INTO audit (id,action,order_id) VALUES (80,'odio tristique pharetra.',4);
INSERT INTO audit (id,action,order_id) VALUES (81,'mattis ornare, lectus',4);
INSERT INTO audit (id,action,order_id) VALUES (82,'Nulla tempor augue',3);
INSERT INTO audit (id,action,order_id) VALUES (83,'Vivamus sit amet',5);
INSERT INTO audit (id,action,order_id) VALUES (84,'mauris. Suspendisse aliquet',10);
INSERT INTO audit (id,action,order_id) VALUES (85,'ornare, elit elit',8);
INSERT INTO audit (id,action,order_id) VALUES (86,'Proin nisl sem,',1);
INSERT INTO audit (id,action,order_id) VALUES (87,'in faucibus orci',9);
INSERT INTO audit (id,action,order_id) VALUES (88,'taciti sociosqu ad',7);
INSERT INTO audit (id,action,order_id) VALUES (89,'morbi tristique senectus',2);
INSERT INTO audit (id,action,order_id) VALUES (90,'tempus, lorem fringilla',10);
INSERT INTO audit (id,action,order_id) VALUES (91,'nibh enim, gravida',4);
INSERT INTO audit (id,action,order_id) VALUES (92,'ornare, elit elit',1);
INSERT INTO audit (id,action,order_id) VALUES (93,'faucibus leo, in',8);
INSERT INTO audit (id,action,order_id) VALUES (94,'in faucibus orci',6);
INSERT INTO audit (id,action,order_id) VALUES (95,'aptent taciti sociosqu',4);
INSERT INTO audit (id,action,order_id) VALUES (96,'eleifend vitae, erat.',2);
INSERT INTO audit (id,action,order_id) VALUES (97,'sed leo. Cras',7);
INSERT INTO audit (id,action,order_id) VALUES (98,'mattis. Integer eu',9);
INSERT INTO audit (id,action,order_id) VALUES (99,'ac ipsum. Phasellus',1);
INSERT INTO audit (id,action,order_id) VALUES (100,'rutrum lorem ac',1);

